"counterprogramming"@en	<http://linguistic.linkeddata.es/id/apertium/lexiconEN/counterprogramming-n-en>	<http://linguistic.linkeddata.es/id/apertium/tranSetEN-ES/counterprogramming_contraprogramaci%C3%B3n-n-en-sense>	<http://linguistic.linkeddata.es/id/apertium/tranSetEN-ES/counterprogramming_contraprogramaci%C3%B3n-n-en-sense-contraprogramaci%C3%B3n_counterprogramming-n-es-sense-trans>	<http://linguistic.linkeddata.es/id/apertium/tranSetEN-ES/contraprogramaci%C3%B3n_counterprogramming-n-es-sense>	<http://linguistic.linkeddata.es/id/apertium/lexiconES/contraprogramaci%C3%B3n-n-es>		"contraprogramación"@es	
"manna"@en	<http://linguistic.linkeddata.es/id/apertium/lexiconEN/manna-n-en>	<http://linguistic.linkeddata.es/id/apertium/tranSetEN-ES/manna_man%C3%A1-n-en-sense>	<http://linguistic.linkeddata.es/id/apertium/tranSetEN-ES/manna_man%C3%A1-n-en-sense-man%C3%A1_manna-n-es-sense-trans>	<http://linguistic.linkeddata.es/id/apertium/tranSetEN-ES/man%C3%A1_manna-n-es-sense>	<http://linguistic.linkeddata.es/id/apertium/lexiconES/man%C3%A1-n-es>		"maná"@es	
"calculation"@en	<http://linguistic.linkeddata.es/id/apertium/lexiconEN/calculation-n-en>	<http://linguistic.linkeddata.es/id/apertium/tranSetEN-ES/calculation_c%C3%A1lculo-n-en-sense>	<http://linguistic.linkeddata.es/id/apertium/tranSetEN-ES/calculation_c%C3%A1lculo-n-en-sense-c%C3%A1lculo_calculation-n-es-sense-trans>	<http://linguistic.linkeddata.es/id/apertium/tranSetEN-ES/c%C3%A1lculo_calculation-n-es-sense>	<http://linguistic.linkeddata.es/id/apertium/lexiconES/c%C3%A1lculo-n-es>		"cálculo"@es	
"triglyceride"@en	<http://linguistic.linkeddata.es/id/apertium/lexiconEN/triglyceride-n-en>	<http://linguistic.linkeddata.es/id/apertium/tranSetEN-ES/triglyceride_triglic%C3%A9rido-n-en-sense>	<http://linguistic.linkeddata.es/id/apertium/tranSetEN-ES/triglyceride_triglic%C3%A9rido-n-en-sense-triglic%C3%A9rido_triglyceride-n-es-sense-trans>	<http://linguistic.linkeddata.es/id/apertium/tranSetEN-ES/triglic%C3%A9rido_triglyceride-n-es-sense>	<http://linguistic.linkeddata.es/id/apertium/lexiconES/triglic%C3%A9rido-n-es>		"triglicérido"@es	
"decisive"@en	<http://linguistic.linkeddata.es/id/apertium/lexiconEN/decisive-adj-en>	<http://linguistic.linkeddata.es/id/apertium/tranSetEN-ES/decisive_decisivo-adj-en-sense>	<http://linguistic.linkeddata.es/id/apertium/tranSetEN-ES/decisive_decisivo-adj-en-sense-decisivo_decisive-adj-es-sense-trans>	<http://linguistic.linkeddata.es/id/apertium/tranSetEN-ES/decisivo_decisive-adj-es-sense>	<http://linguistic.linkeddata.es/id/apertium/lexiconES/decisivo-adj-es>		"decisivo"@es	
"heating"@en	<http://linguistic.linkeddata.es/id/apertium/lexiconEN/heating-n-en>	<http://linguistic.linkeddata.es/id/apertium/tranSetEN-ES/heating_calefacci%C3%B3n-n-en-sense>	<http://linguistic.linkeddata.es/id/apertium/tranSetEN-ES/heating_calefacci%C3%B3n-n-en-sense-calefacci%C3%B3n_heating-n-es-sense-trans>	<http://linguistic.linkeddata.es/id/apertium/tranSetEN-ES/calefacci%C3%B3n_heating-n-es-sense>	<http://linguistic.linkeddata.es/id/apertium/lexiconES/calefacci%C3%B3n-n-es>		"calefacción"@es	
"tip"@en	<http://linguistic.linkeddata.es/id/apertium/lexiconEN/tip-vblex-en>	<http://linguistic.linkeddata.es/id/apertium/tranSetEN-ES/tip_verter-vblex-en-sense>	<http://linguistic.linkeddata.es/id/apertium/tranSetEN-ES/tip_verter-vblex-en-sense-verter_tip-vblex-es-sense-trans>	<http://linguistic.linkeddata.es/id/apertium/tranSetEN-ES/verter_tip-vblex-es-sense>	<http://linguistic.linkeddata.es/id/apertium/lexiconES/verter-vblex-es>		"verter"@es	
"permafrost"@en	<http://linguistic.linkeddata.es/id/apertium/lexiconEN/permafrost-n-en>	<http://linguistic.linkeddata.es/id/apertium/tranSetEN-ES/permafrost_pergelisol-n-en-sense>	<http://linguistic.linkeddata.es/id/apertium/tranSetEN-ES/permafrost_pergelisol-n-en-sense-pergelisol_permafrost-n-es-sense-trans>	<http://linguistic.linkeddata.es/id/apertium/tranSetEN-ES/pergelisol_permafrost-n-es-sense>	<http://linguistic.linkeddata.es/id/apertium/lexiconES/pergelisol-n-es>		"pergelisol"@es	
"watch over"@en	<http://linguistic.linkeddata.es/id/apertium/lexiconEN/watch%20over-vblex-en>	<http://linguistic.linkeddata.es/id/apertium/tranSetEN-ES/watch%20over_velar%20por-vblex-en-sense>	<http://linguistic.linkeddata.es/id/apertium/tranSetEN-ES/watch%20over_velar%20por-vblex-en-sense-velar%20por_watch%20over-vblex-es-sense-trans>	<http://linguistic.linkeddata.es/id/apertium/tranSetEN-ES/velar%20por_watch%20over-vblex-es-sense>	<http://linguistic.linkeddata.es/id/apertium/lexiconES/velar%20por-vblex-es>		"velar por"@es	
"Avogadro constant"@en	<http://linguistic.linkeddata.es/id/apertium/lexiconEN/Avogadro%20constant-n-en>	<http://linguistic.linkeddata.es/id/apertium/tranSetEN-ES/Avogadro%20constant_n%C3%BAmero%20de%20Avogadro-n-en-sense>	<http://linguistic.linkeddata.es/id/apertium/tranSetEN-ES/Avogadro%20constant_n%C3%BAmero%20de%20Avogadro-n-en-sense-n%C3%BAmero%20de%20Avogadro_Avogadro%20constant-n-es-sense-trans>	<http://linguistic.linkeddata.es/id/apertium/tranSetEN-ES/n%C3%BAmero%20de%20Avogadro_Avogadro%20constant-n-es-sense>	<http://linguistic.linkeddata.es/id/apertium/lexiconES/n%C3%BAmero%20de%20Avogadro-n-es>		"número de Avogadro"@es	
"observer"@en	<http://linguistic.linkeddata.es/id/apertium/lexiconEN/observer-n-en>	<http://linguistic.linkeddata.es/id/apertium/tranSetEN-ES/observer_ojeador-n-en-sense>	<http://linguistic.linkeddata.es/id/apertium/tranSetEN-ES/observer_ojeador-n-en-sense-ojeador_observer-n-es-sense-trans>	<http://linguistic.linkeddata.es/id/apertium/tranSetEN-ES/ojeador_observer-n-es-sense>	<http://linguistic.linkeddata.es/id/apertium/lexiconES/ojeador-n-es>		"ojeador"@es	
"rhotacism"@en	<http://linguistic.linkeddata.es/id/apertium/lexiconEN/rhotacism-n-en>	<http://linguistic.linkeddata.es/id/apertium/tranSetEN-ES/rhotacism_rotacismo-n-en-sense>	<http://linguistic.linkeddata.es/id/apertium/tranSetEN-ES/rhotacism_rotacismo-n-en-sense-rotacismo_rhotacism-n-es-sense-trans>	<http://linguistic.linkeddata.es/id/apertium/tranSetEN-ES/rotacismo_rhotacism-n-es-sense>	<http://linguistic.linkeddata.es/id/apertium/lexiconES/rotacismo-n-es>		"rotacismo"@es	
"Cook Islands"@en	<http://linguistic.linkeddata.es/id/apertium/lexiconEN/Cook%20Islands-np-en>	<http://linguistic.linkeddata.es/id/apertium/tranSetEN-ES/Cook%20Islands_Islas%20Cook-np-en-sense>	<http://linguistic.linkeddata.es/id/apertium/tranSetEN-ES/Cook%20Islands_Islas%20Cook-np-en-sense-Islas%20Cook_Cook%20Islands-np-es-sense-trans>	<http://linguistic.linkeddata.es/id/apertium/tranSetEN-ES/Islas%20Cook_Cook%20Islands-np-es-sense>	<http://linguistic.linkeddata.es/id/apertium/lexiconES/Islas%20Cook-np-es>		"Islas Cook"@es	
"get"@en	<http://linguistic.linkeddata.es/id/apertium/lexiconEN/get-vblex-en>	<http://linguistic.linkeddata.es/id/apertium/tranSetEN-ES/get_llegar-vblex-en-sense>	<http://linguistic.linkeddata.es/id/apertium/tranSetEN-ES/get_llegar-vblex-en-sense-llegar_get-vblex-es-sense-trans>	<http://linguistic.linkeddata.es/id/apertium/tranSetEN-ES/llegar_get-vblex-es-sense>	<http://linguistic.linkeddata.es/id/apertium/lexiconES/llegar-vblex-es>		"llegar"@es	
"as much as possible"@en	<http://linguistic.linkeddata.es/id/apertium/lexiconEN/as%20much%20as%20possible-adv-en>	<http://linguistic.linkeddata.es/id/apertium/tranSetEN-ES/as%20much%20as%20possible_tanto%20como%20sea%20posible-adv-en-sense>	<http://linguistic.linkeddata.es/id/apertium/tranSetEN-ES/as%20much%20as%20possible_tanto%20como%20sea%20posible-adv-en-sense-tanto%20como%20sea%20posible_as%20much%20as%20possible-adv-es-sense-trans>	<http://linguistic.linkeddata.es/id/apertium/tranSetEN-ES/tanto%20como%20sea%20posible_as%20much%20as%20possible-adv-es-sense>	<http://linguistic.linkeddata.es/id/apertium/lexiconES/tanto%20como%20sea%20posible-adv-es>		"tanto como sea posible"@es	
"park"@en	<http://linguistic.linkeddata.es/id/apertium/lexiconEN/park-vblex-en>	<http://linguistic.linkeddata.es/id/apertium/tranSetEN-ES/park_aparcar-vblex-en-sense>	<http://linguistic.linkeddata.es/id/apertium/tranSetEN-ES/park_aparcar-vblex-en-sense-aparcar_park-vblex-es-sense-trans>	<http://linguistic.linkeddata.es/id/apertium/tranSetEN-ES/aparcar_park-vblex-es-sense>	<http://linguistic.linkeddata.es/id/apertium/lexiconES/aparcar-vblex-es>		"aparcar"@es	
"amphora"@en	<http://linguistic.linkeddata.es/id/apertium/lexiconEN/amphora-n-en>	<http://linguistic.linkeddata.es/id/apertium/tranSetEN-ES/amphora_%C3%A1nfora-n-en-sense>	<http://linguistic.linkeddata.es/id/apertium/tranSetEN-ES/amphora_%C3%A1nfora-n-en-sense-%C3%A1nfora_amphora-n-es-sense-trans>	<http://linguistic.linkeddata.es/id/apertium/tranSetEN-ES/%C3%A1nfora_amphora-n-es-sense>	<http://linguistic.linkeddata.es/id/apertium/lexiconES/%C3%A1nfora-n-es>		"ánfora"@es	
"five hundredth"@en	<http://linguistic.linkeddata.es/id/apertium/lexiconEN/five%20hundredth-det-en>	<http://linguistic.linkeddata.es/id/apertium/tranSetEN-ES/five%20hundredth_quingent%C3%A9simo-det-en-sense>	<http://linguistic.linkeddata.es/id/apertium/tranSetEN-ES/five%20hundredth_quingent%C3%A9simo-det-en-sense-quingent%C3%A9simo_five%20hundredth-det-es-sense-trans>	<http://linguistic.linkeddata.es/id/apertium/tranSetEN-ES/quingent%C3%A9simo_five%20hundredth-det-es-sense>	<http://linguistic.linkeddata.es/id/apertium/lexiconES/quingent%C3%A9simo-det-es>		"quingentésimo"@es	
"business day"@en	<http://linguistic.linkeddata.es/id/apertium/lexiconEN/business%20day-n-en>	<http://linguistic.linkeddata.es/id/apertium/tranSetEN-ES/business%20day_d%C3%ADa%20laborable-n-en-sense>	<http://linguistic.linkeddata.es/id/apertium/tranSetEN-ES/business%20day_d%C3%ADa%20laborable-n-en-sense-d%C3%ADa%20laborable_business%20day-n-es-sense-trans>	<http://linguistic.linkeddata.es/id/apertium/tranSetEN-ES/d%C3%ADa%20laborable_business%20day-n-es-sense>	<http://linguistic.linkeddata.es/id/apertium/lexiconES/d%C3%ADa%20laborable-n-es>		"día laborable"@es	
"centenarian"@en	<http://linguistic.linkeddata.es/id/apertium/lexiconEN/centenarian-adj-en>	<http://linguistic.linkeddata.es/id/apertium/tranSetEN-ES/centenarian_centenario-adj-en-sense>	<http://linguistic.linkeddata.es/id/apertium/tranSetEN-ES/centenarian_centenario-adj-en-sense-centenario_centenarian-adj-es-sense-trans>	<http://linguistic.linkeddata.es/id/apertium/tranSetEN-ES/centenario_centenarian-adj-es-sense>	<http://linguistic.linkeddata.es/id/apertium/lexiconES/centenario-adj-es>		"centenario"@es	
"cunning"@en	<http://linguistic.linkeddata.es/id/apertium/lexiconEN/cunning-n-en>	<http://linguistic.linkeddata.es/id/apertium/tranSetEN-ES/cunning_astucia-n-en-sense>	<http://linguistic.linkeddata.es/id/apertium/tranSetEN-ES/cunning_astucia-n-en-sense-astucia_cunning-n-es-sense-trans>	<http://linguistic.linkeddata.es/id/apertium/tranSetEN-ES/astucia_cunning-n-es-sense>	<http://linguistic.linkeddata.es/id/apertium/lexiconES/astucia-n-es>		"astucia"@es	
"sonority"@en	<http://linguistic.linkeddata.es/id/apertium/lexiconEN/sonority-n-en>	<http://linguistic.linkeddata.es/id/apertium/tranSetEN-ES/sonority_sonoridad-n-en-sense>	<http://linguistic.linkeddata.es/id/apertium/tranSetEN-ES/sonority_sonoridad-n-en-sense-sonoridad_sonority-n-es-sense-trans>	<http://linguistic.linkeddata.es/id/apertium/tranSetEN-ES/sonoridad_sonority-n-es-sense>	<http://linguistic.linkeddata.es/id/apertium/lexiconES/sonoridad-n-es>		"sonoridad"@es	
"grandmaster"@en	<http://linguistic.linkeddata.es/id/apertium/lexiconEN/grandmaster-n-en>	<http://linguistic.linkeddata.es/id/apertium/tranSetEN-ES/grandmaster_gran%20maestro-n-en-sense>	<http://linguistic.linkeddata.es/id/apertium/tranSetEN-ES/grandmaster_gran%20maestro-n-en-sense-gran%20maestro_grandmaster-n-es-sense-trans>	<http://linguistic.linkeddata.es/id/apertium/tranSetEN-ES/gran%20maestro_grandmaster-n-es-sense>	<http://linguistic.linkeddata.es/id/apertium/lexiconES/gran%20maestro-n-es>		"gran maestro"@es	
"GSoC"@en	<http://linguistic.linkeddata.es/id/apertium/lexiconEN/GSoC-n-en>	<http://linguistic.linkeddata.es/id/apertium/tranSetEN-ES/GSoC_GSoC-n-en-sense>	<http://linguistic.linkeddata.es/id/apertium/tranSetEN-ES/GSoC_GSoC-n-en-sense-GSoC_GSoC-n-es-sense-trans>	<http://linguistic.linkeddata.es/id/apertium/tranSetEN-ES/GSoC_GSoC-n-es-sense>	<http://linguistic.linkeddata.es/id/apertium/lexiconES/GSoC-n-es>		"GSoC"@es	
"Cosby"@en	<http://linguistic.linkeddata.es/id/apertium/lexiconEN/Cosby-np-en>	<http://linguistic.linkeddata.es/id/apertium/tranSetEN-ES/Cosby_Cosby-np-en-sense>	<http://linguistic.linkeddata.es/id/apertium/tranSetEN-ES/Cosby_Cosby-np-en-sense-Cosby_Cosby-np-es-sense-trans>	<http://linguistic.linkeddata.es/id/apertium/tranSetEN-ES/Cosby_Cosby-np-es-sense>	<http://linguistic.linkeddata.es/id/apertium/lexiconES/Cosby-np-es>		"Cosby"@es	
"in general terms"@en	<http://linguistic.linkeddata.es/id/apertium/lexiconEN/in%20general%20terms-adv-en>	<http://linguistic.linkeddata.es/id/apertium/tranSetEN-ES/in%20general%20terms_en%20t%C3%A9rminos%20generales-adv-en-sense>	<http://linguistic.linkeddata.es/id/apertium/tranSetEN-ES/in%20general%20terms_en%20t%C3%A9rminos%20generales-adv-en-sense-en%20t%C3%A9rminos%20generales_in%20general%20terms-adv-es-sense-trans>	<http://linguistic.linkeddata.es/id/apertium/tranSetEN-ES/en%20t%C3%A9rminos%20generales_in%20general%20terms-adv-es-sense>	<http://linguistic.linkeddata.es/id/apertium/lexiconES/en%20t%C3%A9rminos%20generales-adv-es>		"en términos generales"@es	
"hostility"@en	<http://linguistic.linkeddata.es/id/apertium/lexiconEN/hostility-n-en>	<http://linguistic.linkeddata.es/id/apertium/tranSetEN-ES/hostility_hostilidad-n-en-sense>	<http://linguistic.linkeddata.es/id/apertium/tranSetEN-ES/hostility_hostilidad-n-en-sense-hostilidad_hostility-n-es-sense-trans>	<http://linguistic.linkeddata.es/id/apertium/tranSetEN-ES/hostilidad_hostility-n-es-sense>	<http://linguistic.linkeddata.es/id/apertium/lexiconES/hostilidad-n-es>		"hostilidad"@es	
"value"@en	<http://linguistic.linkeddata.es/id/apertium/lexiconEN/value-vblex-en>	<http://linguistic.linkeddata.es/id/apertium/tranSetEN-ES/value_valorar-vblex-en-sense>	<http://linguistic.linkeddata.es/id/apertium/tranSetEN-ES/value_valorar-vblex-en-sense-valorar_value-vblex-es-sense-trans>	<http://linguistic.linkeddata.es/id/apertium/tranSetEN-ES/valorar_value-vblex-es-sense>	<http://linguistic.linkeddata.es/id/apertium/lexiconES/valorar-vblex-es>		"valorar"@es	
"ignite"@en	<http://linguistic.linkeddata.es/id/apertium/lexiconEN/ignite-vblex-en>	<http://linguistic.linkeddata.es/id/apertium/tranSetEN-ES/ignite_incendiar-vblex-en-sense>	<http://linguistic.linkeddata.es/id/apertium/tranSetEN-ES/ignite_incendiar-vblex-en-sense-incendiar_ignite-vblex-es-sense-trans>	<http://linguistic.linkeddata.es/id/apertium/tranSetEN-ES/incendiar_ignite-vblex-es-sense>	<http://linguistic.linkeddata.es/id/apertium/lexiconES/incendiar-vblex-es>		"incendiar"@es	
"coconut oil"@en	<http://linguistic.linkeddata.es/id/apertium/lexiconEN/coconut%20oil-n-en>	<http://linguistic.linkeddata.es/id/apertium/tranSetEN-ES/coconut%20oil_aceite%20de%20coco-n-en-sense>	<http://linguistic.linkeddata.es/id/apertium/tranSetEN-ES/coconut%20oil_aceite%20de%20coco-n-en-sense-aceite%20de%20coco_coconut%20oil-n-es-sense-trans>	<http://linguistic.linkeddata.es/id/apertium/tranSetEN-ES/aceite%20de%20coco_coconut%20oil-n-es-sense>	<http://linguistic.linkeddata.es/id/apertium/lexiconES/aceite%20de%20coco-n-es>		"aceite de coco"@es	
"kosovan"@en	<http://linguistic.linkeddata.es/id/apertium/lexiconEN/kosovan-adj-en>	<http://linguistic.linkeddata.es/id/apertium/tranSetEN-ES/kosovan_kosovar-adj-en-sense>	<http://linguistic.linkeddata.es/id/apertium/tranSetEN-ES/kosovan_kosovar-adj-en-sense-kosovar_kosovan-adj-es-sense-trans>	<http://linguistic.linkeddata.es/id/apertium/tranSetEN-ES/kosovar_kosovan-adj-es-sense>	<http://linguistic.linkeddata.es/id/apertium/lexiconES/kosovar-adj-es>		"kosovar"@es	
"electricity"@en	<http://linguistic.linkeddata.es/id/apertium/lexiconEN/electricity-n-en>	<http://linguistic.linkeddata.es/id/apertium/tranSetEN-ES/electricity_electricidad-n-en-sense>	<http://linguistic.linkeddata.es/id/apertium/tranSetEN-ES/electricity_electricidad-n-en-sense-electricidad_electricity-n-es-sense-trans>	<http://linguistic.linkeddata.es/id/apertium/tranSetEN-ES/electricidad_electricity-n-es-sense>	<http://linguistic.linkeddata.es/id/apertium/lexiconES/electricidad-n-es>		"electricidad"@es	
"interpretable"@en	<http://linguistic.linkeddata.es/id/apertium/lexiconEN/interpretable-adj-en>	<http://linguistic.linkeddata.es/id/apertium/tranSetEN-ES/interpretable_interpretable-adj-en-sense>	<http://linguistic.linkeddata.es/id/apertium/tranSetEN-ES/interpretable_interpretable-adj-en-sense-interpretable_interpretable-adj-es-sense-trans>	<http://linguistic.linkeddata.es/id/apertium/tranSetEN-ES/interpretable_interpretable-adj-es-sense>	<http://linguistic.linkeddata.es/id/apertium/lexiconES/interpretable-adj-es>		"interpretable"@es	
"acclimate"@en	<http://linguistic.linkeddata.es/id/apertium/lexiconEN/acclimate-vblex-en>	<http://linguistic.linkeddata.es/id/apertium/tranSetEN-ES/acclimate_aclimatar-vblex-en-sense>	<http://linguistic.linkeddata.es/id/apertium/tranSetEN-ES/acclimate_aclimatar-vblex-en-sense-aclimatar_acclimate-vblex-es-sense-trans>	<http://linguistic.linkeddata.es/id/apertium/tranSetEN-ES/aclimatar_acclimate-vblex-es-sense>	<http://linguistic.linkeddata.es/id/apertium/lexiconES/aclimatar-vblex-es>		"aclimatar"@es	
"polarimeter"@en	<http://linguistic.linkeddata.es/id/apertium/lexiconEN/polarimeter-n-en>	<http://linguistic.linkeddata.es/id/apertium/tranSetEN-ES/polarimeter_polar%C3%ADmetro-n-en-sense>	<http://linguistic.linkeddata.es/id/apertium/tranSetEN-ES/polarimeter_polar%C3%ADmetro-n-en-sense-polar%C3%ADmetro_polarimeter-n-es-sense-trans>	<http://linguistic.linkeddata.es/id/apertium/tranSetEN-ES/polar%C3%ADmetro_polarimeter-n-es-sense>	<http://linguistic.linkeddata.es/id/apertium/lexiconES/polar%C3%ADmetro-n-es>		"polarímetro"@es	
"thalassocracy"@en	<http://linguistic.linkeddata.es/id/apertium/lexiconEN/thalassocracy-n-en>	<http://linguistic.linkeddata.es/id/apertium/tranSetEN-ES/thalassocracy_talasocracia-n-en-sense>	<http://linguistic.linkeddata.es/id/apertium/tranSetEN-ES/thalassocracy_talasocracia-n-en-sense-talasocracia_thalassocracy-n-es-sense-trans>	<http://linguistic.linkeddata.es/id/apertium/tranSetEN-ES/talasocracia_thalassocracy-n-es-sense>	<http://linguistic.linkeddata.es/id/apertium/lexiconES/talasocracia-n-es>		"talasocracia"@es	
"abreast"@en	<http://linguistic.linkeddata.es/id/apertium/lexiconEN/abreast-cnjadv-en>	<http://linguistic.linkeddata.es/id/apertium/tranSetEN-ES/abreast_en%20filas%20de%20a-cnjadv-en-sense>	<http://linguistic.linkeddata.es/id/apertium/tranSetEN-ES/abreast_en%20filas%20de%20a-cnjadv-en-sense-en%20filas%20de%20a_abreast-cnjadv-es-sense-trans>	<http://linguistic.linkeddata.es/id/apertium/tranSetEN-ES/en%20filas%20de%20a_abreast-cnjadv-es-sense>	<http://linguistic.linkeddata.es/id/apertium/lexiconES/en%20filas%20de%20a-cnjadv-es>		"en filas de a"@es	
"puppet"@en	<http://linguistic.linkeddata.es/id/apertium/lexiconEN/puppet-n-en>	<http://linguistic.linkeddata.es/id/apertium/tranSetEN-ES/puppet_t%C3%ADtere-n-en-sense>	<http://linguistic.linkeddata.es/id/apertium/tranSetEN-ES/puppet_t%C3%ADtere-n-en-sense-t%C3%ADtere_puppet-n-es-sense-trans>	<http://linguistic.linkeddata.es/id/apertium/tranSetEN-ES/t%C3%ADtere_puppet-n-es-sense>	<http://linguistic.linkeddata.es/id/apertium/lexiconES/t%C3%ADtere-n-es>		"títere"@es	
"crystallisation"@en	<http://linguistic.linkeddata.es/id/apertium/lexiconEN/crystallisation-n-en>	<http://linguistic.linkeddata.es/id/apertium/tranSetEN-ES/crystallisation_cristalizaci%C3%B3n-n-en-sense>	<http://linguistic.linkeddata.es/id/apertium/tranSetEN-ES/crystallisation_cristalizaci%C3%B3n-n-en-sense-cristalizaci%C3%B3n_crystallisation-n-es-sense-trans>	<http://linguistic.linkeddata.es/id/apertium/tranSetEN-ES/cristalizaci%C3%B3n_crystallisation-n-es-sense>	<http://linguistic.linkeddata.es/id/apertium/lexiconES/cristalizaci%C3%B3n-n-es>		"cristalización"@es	
"tentacle"@en	<http://linguistic.linkeddata.es/id/apertium/lexiconEN/tentacle-n-en>	<http://linguistic.linkeddata.es/id/apertium/tranSetEN-ES/tentacle_tent%C3%A1culo-n-en-sense>	<http://linguistic.linkeddata.es/id/apertium/tranSetEN-ES/tentacle_tent%C3%A1culo-n-en-sense-tent%C3%A1culo_tentacle-n-es-sense-trans>	<http://linguistic.linkeddata.es/id/apertium/tranSetEN-ES/tent%C3%A1culo_tentacle-n-es-sense>	<http://linguistic.linkeddata.es/id/apertium/lexiconES/tent%C3%A1culo-n-es>		"tentáculo"@es	
"plumage"@en	<http://linguistic.linkeddata.es/id/apertium/lexiconEN/plumage-n-en>	<http://linguistic.linkeddata.es/id/apertium/tranSetEN-ES/plumage_plumaje-n-en-sense>	<http://linguistic.linkeddata.es/id/apertium/tranSetEN-ES/plumage_plumaje-n-en-sense-plumaje_plumage-n-es-sense-trans>	<http://linguistic.linkeddata.es/id/apertium/tranSetEN-ES/plumaje_plumage-n-es-sense>	<http://linguistic.linkeddata.es/id/apertium/lexiconES/plumaje-n-es>		"plumaje"@es	
"cardboard"@en	<http://linguistic.linkeddata.es/id/apertium/lexiconEN/cardboard-n-en>	<http://linguistic.linkeddata.es/id/apertium/tranSetEN-ES/cardboard_cart%C3%B3n-n-en-sense>	<http://linguistic.linkeddata.es/id/apertium/tranSetEN-ES/cardboard_cart%C3%B3n-n-en-sense-cart%C3%B3n_cardboard-n-es-sense-trans>	<http://linguistic.linkeddata.es/id/apertium/tranSetEN-ES/cart%C3%B3n_cardboard-n-es-sense>	<http://linguistic.linkeddata.es/id/apertium/lexiconES/cart%C3%B3n-n-es>		"cartón"@es	
"memorise"@en	<http://linguistic.linkeddata.es/id/apertium/lexiconEN/memorise-vblex-en>	<http://linguistic.linkeddata.es/id/apertium/tranSetEN-ES/memorise_memorizar-vblex-en-sense>	<http://linguistic.linkeddata.es/id/apertium/tranSetEN-ES/memorise_memorizar-vblex-en-sense-memorizar_memorise-vblex-es-sense-trans>	<http://linguistic.linkeddata.es/id/apertium/tranSetEN-ES/memorizar_memorise-vblex-es-sense>	<http://linguistic.linkeddata.es/id/apertium/lexiconES/memorizar-vblex-es>		"memorizar"@es	
"down to the last detail"@en	<http://linguistic.linkeddata.es/id/apertium/lexiconEN/down%20to%20the%20last%20detail-cnjadv-en>	<http://linguistic.linkeddata.es/id/apertium/tranSetEN-ES/down%20to%20the%20last%20detail_sin%20faltar%20punto%20ni%20coma-cnjadv-en-sense>	<http://linguistic.linkeddata.es/id/apertium/tranSetEN-ES/down%20to%20the%20last%20detail_sin%20faltar%20punto%20ni%20coma-cnjadv-en-sense-sin%20faltar%20punto%20ni%20coma_down%20to%20the%20last%20detail-cnjadv-es-sense-trans>	<http://linguistic.linkeddata.es/id/apertium/tranSetEN-ES/sin%20faltar%20punto%20ni%20coma_down%20to%20the%20last%20detail-cnjadv-es-sense>	<http://linguistic.linkeddata.es/id/apertium/lexiconES/sin%20faltar%20punto%20ni%20coma-cnjadv-es>		"sin faltar punto ni coma"@es	
"scrap"@en	<http://linguistic.linkeddata.es/id/apertium/lexiconEN/scrap-n-en>	<http://linguistic.linkeddata.es/id/apertium/tranSetEN-ES/scrap_trozo-n-en-sense>	<http://linguistic.linkeddata.es/id/apertium/tranSetEN-ES/scrap_trozo-n-en-sense-trozo_scrap-n-es-sense-trans>	<http://linguistic.linkeddata.es/id/apertium/tranSetEN-ES/trozo_scrap-n-es-sense>	<http://linguistic.linkeddata.es/id/apertium/lexiconES/trozo-n-es>		"trozo"@es	
"filmography"@en	<http://linguistic.linkeddata.es/id/apertium/lexiconEN/filmography-n-en>	<http://linguistic.linkeddata.es/id/apertium/tranSetEN-ES/filmography_filmograf%C3%ADa-n-en-sense>	<http://linguistic.linkeddata.es/id/apertium/tranSetEN-ES/filmography_filmograf%C3%ADa-n-en-sense-filmograf%C3%ADa_filmography-n-es-sense-trans>	<http://linguistic.linkeddata.es/id/apertium/tranSetEN-ES/filmograf%C3%ADa_filmography-n-es-sense>	<http://linguistic.linkeddata.es/id/apertium/lexiconES/filmograf%C3%ADa-n-es>		"filmografía"@es	
"enjoyment"@en	<http://linguistic.linkeddata.es/id/apertium/lexiconEN/enjoyment-n-en>	<http://linguistic.linkeddata.es/id/apertium/tranSetEN-ES/enjoyment_diversi%C3%B3n-n-en-sense>	<http://linguistic.linkeddata.es/id/apertium/tranSetEN-ES/enjoyment_diversi%C3%B3n-n-en-sense-diversi%C3%B3n_enjoyment-n-es-sense-trans>	<http://linguistic.linkeddata.es/id/apertium/tranSetEN-ES/diversi%C3%B3n_enjoyment-n-es-sense>	<http://linguistic.linkeddata.es/id/apertium/lexiconES/diversi%C3%B3n-n-es>		"diversión"@es	
"get angry"@en	<http://linguistic.linkeddata.es/id/apertium/lexiconEN/get%20angry-vblex-en>	<http://linguistic.linkeddata.es/id/apertium/tranSetEN-ES/get%20angry_enfadarse-vblex-en-sense>	<http://linguistic.linkeddata.es/id/apertium/tranSetEN-ES/get%20angry_enfadarse-vblex-en-sense-enfadarse_get%20angry-vblex-es-sense-trans>	<http://linguistic.linkeddata.es/id/apertium/tranSetEN-ES/enfadarse_get%20angry-vblex-es-sense>	<http://linguistic.linkeddata.es/id/apertium/lexiconES/enfadarse-vblex-es>		"enfadarse"@es	
"cowardly"@en	<http://linguistic.linkeddata.es/id/apertium/lexiconEN/cowardly-adj-en>	<http://linguistic.linkeddata.es/id/apertium/tranSetEN-ES/cowardly_cobarde-adj-en-sense>	<http://linguistic.linkeddata.es/id/apertium/tranSetEN-ES/cowardly_cobarde-adj-en-sense-cobarde_cowardly-adj-es-sense-trans>	<http://linguistic.linkeddata.es/id/apertium/tranSetEN-ES/cobarde_cowardly-adj-es-sense>	<http://linguistic.linkeddata.es/id/apertium/lexiconES/cobarde-adj-es>		"cobarde"@es	
"which"@en	<http://linguistic.linkeddata.es/id/apertium/lexiconEN/which-det-en>	<http://linguistic.linkeddata.es/id/apertium/tranSetEN-ES/which_qu%C3%A9-det-en-sense>	<http://linguistic.linkeddata.es/id/apertium/tranSetEN-ES/which_qu%C3%A9-det-en-sense-qu%C3%A9_which-det-es-sense-trans>	<http://linguistic.linkeddata.es/id/apertium/tranSetEN-ES/qu%C3%A9_which-det-es-sense>	<http://linguistic.linkeddata.es/id/apertium/lexiconES/qu%C3%A9-det-es>		"qué"@es	
